timeStamp,elapsed,label,responseCode,responseMessage,threadName,dataType,success,failureMessage,bytes,sentBytes,grpThreads,allThreads,URL,Latency,IdleTime,Connect
1673612785993,3962,HTTP Request,200,OK,LoadtestingSample 1-35,text,true,,115943,227,100,100,https://pathao.com/bn/,1691,0,1475
1673612785993,1705,HTTP Request-0,302,Found,LoadtestingSample 1-35,text,true,,2630,112,100,100,https://pathao.com/,1691,0,1475
1673612785943,4014,HTTP Request,200,OK,LoadtestingSample 1-25,text,true,,115947,227,100,100,https://pathao.com/bn/,1744,0,1575
1673612787702,2253,HTTP Request-1,200,OK,LoadtestingSample 1-35,text,true,,113313,115,100,100,https://pathao.com/bn/,2141,0,0
1673612785943,1755,HTTP Request-0,302,Found,LoadtestingSample 1-25,text,true,,2632,112,100,100,https://pathao.com/,1744,0,1575
1673612787701,2256,HTTP Request-1,200,OK,LoadtestingSample 1-25,text,true,,113315,115,100,100,https://pathao.com/bn/,2144,0,0
1673612785944,4013,HTTP Request,200,OK,LoadtestingSample 1-5,text,true,,115939,227,100,100,https://pathao.com/bn/,1743,0,1545
1673612785944,1752,HTTP Request-0,302,Found,LoadtestingSample 1-5,text,true,,2630,112,100,100,https://pathao.com/,1743,0,1545
1673612787704,2253,HTTP Request-1,200,OK,LoadtestingSample 1-5,text,true,,113309,115,100,100,https://pathao.com/bn/,2130,0,0
1673612786276,3761,HTTP Request,200,OK,LoadtestingSample 1-63,text,true,,115951,227,97,97,https://pathao.com/bn/,1410,0,1209
1673612786276,1422,HTTP Request-0,302,Found,LoadtestingSample 1-63,text,true,,2636,112,97,97,https://pathao.com/,1410,0,1209
1673612787702,2335,HTTP Request-1,200,OK,LoadtestingSample 1-63,text,true,,113315,115,97,97,https://pathao.com/bn/,2232,0,0
1673612785946,4102,HTTP Request,200,OK,LoadtestingSample 1-20,text,true,,115951,227,97,97,https://pathao.com/bn/,1737,0,1527
1673612785946,1752,HTTP Request-0,302,Found,LoadtestingSample 1-20,text,true,,2632,112,97,97,https://pathao.com/,1737,0,1527
1673612787703,2345,HTTP Request-1,200,OK,LoadtestingSample 1-20,text,true,,113319,115,97,97,https://pathao.com/bn/,2265,0,0
1673612786644,3533,HTTP Request,200,OK,LoadtestingSample 1-100,text,true,,115941,227,95,95,https://pathao.com/bn/,1050,0,849
1673612785943,4234,HTTP Request,200,OK,LoadtestingSample 1-8,text,true,,115950,227,95,95,https://pathao.com/bn/,1752,0,1567
1673612786644,1053,HTTP Request-0,302,Found,LoadtestingSample 1-100,text,true,,2630,112,95,95,https://pathao.com/,1050,0,849
1673612785943,1753,HTTP Request-0,302,Found,LoadtestingSample 1-8,text,true,,2634,112,95,95,https://pathao.com/,1752,0,1567
1673612787704,2473,HTTP Request-1,200,OK,LoadtestingSample 1-100,text,true,,113311,115,95,95,https://pathao.com/bn/,2366,0,0
1673612787704,2473,HTTP Request-1,200,OK,LoadtestingSample 1-8,text,true,,113316,115,95,95,https://pathao.com/bn/,2366,0,0
1673612786134,4388,HTTP Request,200,OK,LoadtestingSample 1-49,text,true,,115943,227,93,93,https://pathao.com/bn/,1567,0,1381
1673612786134,1567,HTTP Request-0,302,Found,LoadtestingSample 1-49,text,true,,2628,112,93,93,https://pathao.com/,1567,0,1381
1673612787701,2821,HTTP Request-1,200,OK,LoadtestingSample 1-49,text,true,,113315,115,93,93,https://pathao.com/bn/,2444,0,0
1673612785944,4694,HTTP Request,200,OK,LoadtestingSample 1-21,text,true,,115955,227,92,92,https://pathao.com/bn/,1745,0,1570
1673612785944,1754,HTTP Request-0,302,Found,LoadtestingSample 1-21,text,true,,2634,112,92,92,https://pathao.com/,1745,0,1570
1673612787701,2937,HTTP Request-1,200,OK,LoadtestingSample 1-21,text,true,,113321,115,92,92,https://pathao.com/bn/,2296,0,0
1673612786352,5017,HTTP Request,200,OK,LoadtestingSample 1-71,text,true,,115943,227,91,91,https://pathao.com/bn/,1331,0,1146
1673612786352,1346,HTTP Request-0,302,Found,LoadtestingSample 1-71,text,true,,2630,112,91,91,https://pathao.com/,1331,0,1146
1673612787701,3668,HTTP Request-1,200,OK,LoadtestingSample 1-71,text,true,,113313,115,91,91,https://pathao.com/bn/,3600,0,0
1673612786103,5270,HTTP Request,200,OK,LoadtestingSample 1-46,text,true,,115951,227,90,90,https://pathao.com/bn/,1585,0,1399
1673612786103,1594,HTTP Request-0,302,Found,LoadtestingSample 1-46,text,true,,2634,112,90,90,https://pathao.com/,1585,0,1399
1673612787703,3670,HTTP Request-1,200,OK,LoadtestingSample 1-46,text,true,,113317,115,90,90,https://pathao.com/bn/,3569,0,0
1673612786203,7046,HTTP Request,200,OK,LoadtestingSample 1-55,text,true,,115955,227,89,89,https://pathao.com/bn/,1484,0,1281
1673612786203,1494,HTTP Request-0,302,Found,LoadtestingSample 1-55,text,true,,2636,112,89,89,https://pathao.com/,1484,0,1281
1673612787704,5545,HTTP Request-1,200,OK,LoadtestingSample 1-55,text,true,,113319,115,89,89,https://pathao.com/bn/,5410,0,0
1673612786013,7239,HTTP Request,200,OK,LoadtestingSample 1-37,text,true,,115943,227,89,89,https://pathao.com/bn/,1693,0,1490
1673612786013,1693,HTTP Request-0,302,Found,LoadtestingSample 1-37,text,true,,2630,112,89,89,https://pathao.com/,1693,0,1490
1673612787707,5545,HTTP Request-1,200,OK,LoadtestingSample 1-37,text,true,,113313,115,89,89,https://pathao.com/bn/,5402,0,0
1673612786471,6875,HTTP Request,200,OK,LoadtestingSample 1-82,text,true,,115947,227,87,87,https://pathao.com/bn/,1212,0,990
1673612786471,1226,HTTP Request-0,302,Found,LoadtestingSample 1-82,text,true,,2636,112,87,87,https://pathao.com/,1212,0,990
1673612787705,5641,HTTP Request-1,200,OK,LoadtestingSample 1-82,text,true,,113311,115,87,87,https://pathao.com/bn/,5533,0,0
1673612786422,7314,HTTP Request,200,OK,LoadtestingSample 1-78,text,true,,115954,227,86,86,https://pathao.com/bn/,1261,0,1057
1673612786422,1276,HTTP Request-0,302,Found,LoadtestingSample 1-78,text,true,,2636,112,86,86,https://pathao.com/,1261,0,1057
1673612787705,6031,HTTP Request-1,200,OK,LoadtestingSample 1-78,text,true,,113318,115,86,86,https://pathao.com/bn/,5813,0,0
1673612786552,7423,HTTP Request,200,OK,LoadtestingSample 1-91,text,true,,115954,227,85,85,https://pathao.com/bn/,1131,0,909
1673612786552,1146,HTTP Request-0,302,Found,LoadtestingSample 1-91,text,true,,2634,112,85,85,https://pathao.com/,1131,0,909
1673612787707,6268,HTTP Request-1,200,OK,LoadtestingSample 1-91,text,true,,113320,115,85,85,https://pathao.com/bn/,6077,0,0
1673612785950,8079,HTTP Request,200,OK,LoadtestingSample 1-22,text,true,,115951,227,84,84,https://pathao.com/bn/,1733,0,1531
1673612785950,1748,HTTP Request-0,302,Found,LoadtestingSample 1-22,text,true,,2638,112,84,84,https://pathao.com/,1733,0,1531
1673612787708,6321,HTTP Request-1,200,OK,LoadtestingSample 1-22,text,true,,113313,115,84,84,https://pathao.com/bn/,6209,0,0
1673612786092,8007,HTTP Request,200,OK,LoadtestingSample 1-45,text,true,,115951,227,83,83,https://pathao.com/bn/,1623,0,1461
1673612786092,1623,HTTP Request-0,302,Found,LoadtestingSample 1-45,text,true,,2632,112,83,83,https://pathao.com/,1623,0,1461
1673612787715,6384,HTTP Request-1,200,OK,LoadtestingSample 1-45,text,true,,113319,115,83,83,https://pathao.com/bn/,6226,0,0
1673612785947,8486,HTTP Request,200,OK,LoadtestingSample 1-18,text,true,,115949,227,82,82,https://pathao.com/bn/,1772,0,1605
1673612785947,1772,HTTP Request-0,302,Found,LoadtestingSample 1-18,text,true,,2630,112,82,82,https://pathao.com/,1772,0,1605
1673612787719,6714,HTTP Request-1,200,OK,LoadtestingSample 1-18,text,true,,113319,115,82,82,https://pathao.com/bn/,6406,0,0
1673612786392,8103,HTTP Request,200,OK,LoadtestingSample 1-75,text,true,,115952,227,81,81,https://pathao.com/bn/,1292,0,1093
1673612786392,1306,HTTP Request-0,302,Found,LoadtestingSample 1-75,text,true,,2632,112,81,81,https://pathao.com/,1292,0,1093
1673612787703,6792,HTTP Request-1,200,OK,LoadtestingSample 1-75,text,true,,113320,115,81,81,https://pathao.com/bn/,6488,0,0
1673612785963,9333,HTTP Request,200,OK,LoadtestingSample 1-32,text,true,,115953,227,80,80,https://pathao.com/bn/,1720,0,1516
1673612785963,1735,HTTP Request-0,302,Found,LoadtestingSample 1-32,text,true,,2634,112,80,80,https://pathao.com/,1720,0,1516
1673612787708,7588,HTTP Request-1,200,OK,LoadtestingSample 1-32,text,true,,113319,115,80,80,https://pathao.com/bn/,7451,0,0
1673612786295,9012,HTTP Request,200,OK,LoadtestingSample 1-65,text,true,,115954,227,79,79,https://pathao.com/bn/,1401,0,1238
1673612786295,1402,HTTP Request-0,302,Found,LoadtestingSample 1-65,text,true,,2632,112,79,79,https://pathao.com/,1401,0,1238
1673612787705,7602,HTTP Request-1,200,OK,LoadtestingSample 1-65,text,true,,113322,115,79,79,https://pathao.com/bn/,7459,0,0
1673612786562,12149,HTTP Request,200,OK,LoadtestingSample 1-92,text,true,,115945,227,78,78,https://pathao.com/bn/,1145,0,968
1673612786562,1145,HTTP Request-0,302,Found,LoadtestingSample 1-92,text,true,,2628,112,78,78,https://pathao.com/,1145,0,968
1673612787707,11004,HTTP Request-1,200,OK,LoadtestingSample 1-92,text,true,,113317,115,78,78,https://pathao.com/bn/,10935,0,0
1673612786502,12356,HTTP Request,200,OK,LoadtestingSample 1-86,text,true,,115953,227,77,77,https://pathao.com/bn/,1181,0,1000
1673612786502,1196,HTTP Request-0,302,Found,LoadtestingSample 1-86,text,true,,2634,112,77,77,https://pathao.com/,1181,0,1000
1673612787707,11151,HTTP Request-1,200,OK,LoadtestingSample 1-86,text,true,,113319,115,77,77,https://pathao.com/bn/,11070,0,0
1673612786373,12489,HTTP Request,200,OK,LoadtestingSample 1-73,text,true,,115953,227,76,76,https://pathao.com/bn/,1310,0,1106
1673612786373,1325,HTTP Request-0,302,Found,LoadtestingSample 1-73,text,true,,2628,112,76,76,https://pathao.com/,1310,0,1106
1673612787708,11154,HTTP Request-1,200,OK,LoadtestingSample 1-73,text,true,,113325,115,76,76,https://pathao.com/bn/,10999,0,0
1673612786592,12740,HTTP Request,200,OK,LoadtestingSample 1-95,text,true,,115965,227,75,75,https://pathao.com/bn/,1101,0,889
1673612786592,1105,HTTP Request-0,302,Found,LoadtestingSample 1-95,text,true,,2634,112,75,75,https://pathao.com/,1101,0,889
1673612787703,11629,HTTP Request-1,200,OK,LoadtestingSample 1-95,text,true,,113331,115,75,75,https://pathao.com/bn/,11558,0,0
1673612786045,13292,HTTP Request,200,OK,LoadtestingSample 1-40,text,true,,115959,227,74,74,https://pathao.com/bn/,1666,0,1497
1673612786045,1667,HTTP Request-0,302,Found,LoadtestingSample 1-40,text,true,,2636,112,74,74,https://pathao.com/,1666,0,1497
1673612787712,11625,HTTP Request-1,200,OK,LoadtestingSample 1-40,text,true,,113323,115,74,74,https://pathao.com/bn/,11541,0,0
1673612786244,14121,HTTP Request,200,OK,LoadtestingSample 1-60,text,true,,115943,227,73,73,https://pathao.com/bn/,1461,0,1272
1673612786244,1461,HTTP Request-0,302,Found,LoadtestingSample 1-60,text,true,,2630,112,73,73,https://pathao.com/,1461,0,1272
1673612787706,12659,HTTP Request-1,200,OK,LoadtestingSample 1-60,text,true,,113313,115,73,73,https://pathao.com/bn/,12571,0,0
1673612785942,17706,HTTP Request,200,OK,LoadtestingSample 1-1,text,true,,115947,227,72,72,https://pathao.com/bn/,1740,0,1516
1673612785942,1755,HTTP Request-0,302,Found,LoadtestingSample 1-1,text,true,,2636,112,72,72,https://pathao.com/,1740,0,1516
1673612787707,15941,HTTP Request-1,200,OK,LoadtestingSample 1-1,text,true,,113311,115,72,72,https://pathao.com/bn/,15853,0,0
1673612786533,17417,HTTP Request,200,OK,LoadtestingSample 1-89,text,true,,115953,227,71,71,https://pathao.com/bn/,1194,0,1024
1673612786533,1194,HTTP Request-0,302,Found,LoadtestingSample 1-89,text,true,,2640,112,71,71,https://pathao.com/,1194,0,1024
1673612787728,16222,HTTP Request-1,200,OK,LoadtestingSample 1-89,text,true,,113313,115,71,71,https://pathao.com/bn/,16133,0,0
1673612786603,17855,HTTP Request,200,OK,LoadtestingSample 1-96,text,true,,115949,227,70,70,https://pathao.com/bn/,1081,0,869
1673612786603,1095,HTTP Request-0,302,Found,LoadtestingSample 1-96,text,true,,2636,112,70,70,https://pathao.com/,1081,0,869
1673612787708,16750,HTTP Request-1,200,OK,LoadtestingSample 1-96,text,true,,113313,115,70,70,https://pathao.com/bn/,16670,0,0
1673612786514,17946,HTTP Request,200,OK,LoadtestingSample 1-87,text,true,,115943,227,69,69,https://pathao.com/bn/,1169,0,978
1673612786514,1184,HTTP Request-0,302,Found,LoadtestingSample 1-87,text,true,,2630,112,69,69,https://pathao.com/,1169,0,978
1673612787709,16751,HTTP Request-1,200,OK,LoadtestingSample 1-87,text,true,,113313,115,69,69,https://pathao.com/bn/,16664,0,0
1673612785944,18689,HTTP Request,200,OK,LoadtestingSample 1-16,text,true,,115935,227,68,68,https://pathao.com/bn/,1780,0,1592
1673612785944,1780,HTTP Request-0,302,Found,LoadtestingSample 1-16,text,true,,2626,112,68,68,https://pathao.com/,1780,0,1592
1673612787725,16908,HTTP Request-1,200,OK,LoadtestingSample 1-16,text,true,,113309,115,68,68,https://pathao.com/bn/,16818,0,0
1673612786123,18740,HTTP Request,200,OK,LoadtestingSample 1-48,text,true,,115957,227,67,67,https://pathao.com/bn/,1607,0,1433
1673612786123,1607,HTTP Request-0,302,Found,LoadtestingSample 1-48,text,true,,2642,112,67,67,https://pathao.com/,1607,0,1433
1673612787730,17133,HTTP Request-1,200,OK,LoadtestingSample 1-48,text,true,,113315,115,67,67,https://pathao.com/bn/,17022,0,0
1673612786492,18417,HTTP Request,200,OK,LoadtestingSample 1-85,text,true,,115960,227,66,66,https://pathao.com/bn/,1230,0,1062
1673612786492,1230,HTTP Request-0,302,Found,LoadtestingSample 1-85,text,true,,2638,112,66,66,https://pathao.com/,1230,0,1062
1673612787723,17186,HTTP Request-1,200,OK,LoadtestingSample 1-85,text,true,,113322,115,66,66,https://pathao.com/bn/,16976,0,0
1673612785946,19545,HTTP Request,200,OK,LoadtestingSample 1-17,text,true,,115943,227,65,65,https://pathao.com/bn/,1745,0,1564
1673612785946,1752,HTTP Request-0,302,Found,LoadtestingSample 1-17,text,true,,2634,112,65,65,https://pathao.com/,1745,0,1564
1673612787703,17788,HTTP Request-1,200,OK,LoadtestingSample 1-17,text,true,,113309,115,65,65,https://pathao.com/bn/,17693,0,0
1673612785946,20611,HTTP Request,200,OK,LoadtestingSample 1-11,text,true,,115943,227,64,64,https://pathao.com/bn/,1823,0,1634
1673612785946,1823,HTTP Request-0,302,Found,LoadtestingSample 1-11,text,true,,2628,112,64,64,https://pathao.com/,1823,0,1634
1673612787771,18786,HTTP Request-1,200,OK,LoadtestingSample 1-11,text,true,,113315,115,64,64,https://pathao.com/bn/,18665,0,0
1673612786435,20293,HTTP Request,200,OK,LoadtestingSample 1-79,text,true,,115951,227,63,63,https://pathao.com/bn/,1349,0,1135
1673612786435,1349,HTTP Request-0,302,Found,LoadtestingSample 1-79,text,true,,2642,112,63,63,https://pathao.com/,1349,0,1135
1673612787784,18944,HTTP Request-1,200,OK,LoadtestingSample 1-79,text,true,,113309,115,63,63,https://pathao.com/bn/,18847,0,0
1673612785950,20784,HTTP Request,200,OK,LoadtestingSample 1-15,text,true,,115949,227,62,62,https://pathao.com/bn/,1806,0,1597
1673612785950,1807,HTTP Request-0,302,Found,LoadtestingSample 1-15,text,true,,2632,112,62,62,https://pathao.com/,1806,0,1597
1673612787757,18977,HTTP Request-1,200,OK,LoadtestingSample 1-15,text,true,,113317,115,62,62,https://pathao.com/bn/,18675,0,0
1673612785943,22188,HTTP Request,200,OK,LoadtestingSample 1-26,text,true,,115941,227,61,61,https://pathao.com/bn/,1833,0,1651
1673612786632,21499,HTTP Request,200,OK,LoadtestingSample 1-99,text,true,,115947,227,61,61,https://pathao.com/bn/,1121,0,945
1673612785943,1833,HTTP Request-0,302,Found,LoadtestingSample 1-26,text,true,,2630,112,61,61,https://pathao.com/,1833,0,1651
1673612787776,20355,HTTP Request-1,200,OK,LoadtestingSample 1-26,text,true,,113311,115,61,61,https://pathao.com/bn/,20083,0,0
1673612786632,1121,HTTP Request-0,302,Found,LoadtestingSample 1-99,text,true,,2634,112,61,61,https://pathao.com/,1121,0,945
1673612787753,20378,HTTP Request-1,200,OK,LoadtestingSample 1-99,text,true,,113313,115,61,61,https://pathao.com/bn/,20115,0,0
1673612786582,21561,HTTP Request,200,OK,LoadtestingSample 1-94,text,true,,115947,227,59,59,https://pathao.com/bn/,1194,0,1022
1673612786582,1195,HTTP Request-0,302,Found,LoadtestingSample 1-94,text,true,,2636,112,59,59,https://pathao.com/,1194,0,1022
1673612787777,20366,HTTP Request-1,200,OK,LoadtestingSample 1-94,text,true,,113311,115,59,59,https://pathao.com/bn/,20113,0,0
1673612785943,22207,HTTP Request,200,OK,LoadtestingSample 1-14,text,true,,115951,227,58,58,https://pathao.com/bn/,1799,0,1596
1673612785943,1800,HTTP Request-0,302,Found,LoadtestingSample 1-14,text,true,,2636,112,58,58,https://pathao.com/,1799,0,1596
1673612787743,20407,HTTP Request-1,200,OK,LoadtestingSample 1-14,text,true,,113315,115,58,58,https://pathao.com/bn/,20195,0,0
1673612786468,21806,HTTP Request,200,OK,LoadtestingSample 1-81,text,true,,115956,227,57,57,https://pathao.com/bn/,1302,0,1111
1673612786468,1302,HTTP Request-0,302,Found,LoadtestingSample 1-81,text,true,,2632,112,57,57,https://pathao.com/,1302,0,1111
1673612787771,20503,HTTP Request-1,200,OK,LoadtestingSample 1-81,text,true,,113324,115,57,57,https://pathao.com/bn/,20085,0,0
1673612786474,21935,HTTP Request,200,OK,LoadtestingSample 1-83,text,true,,115946,227,56,56,https://pathao.com/bn/,1267,0,1060
1673612786474,1267,HTTP Request-0,302,Found,LoadtestingSample 1-83,text,true,,2628,112,56,56,https://pathao.com/,1267,0,1060
1673612787741,20668,HTTP Request-1,200,OK,LoadtestingSample 1-83,text,true,,113318,115,56,56,https://pathao.com/bn/,20409,0,0
1673612785942,22566,HTTP Request,200,OK,LoadtestingSample 1-4,text,true,,115952,227,55,55,https://pathao.com/bn/,1841,0,1643
1673612785942,1842,HTTP Request-0,302,Found,LoadtestingSample 1-4,text,true,,2634,112,55,55,https://pathao.com/,1841,0,1643
1673612787785,20723,HTTP Request-1,200,OK,LoadtestingSample 1-4,text,true,,113318,115,55,55,https://pathao.com/bn/,20364,0,0
1673612785945,22610,HTTP Request,200,OK,LoadtestingSample 1-2,text,true,,115943,227,54,54,https://pathao.com/bn/,1799,0,1599
1673612785945,1799,HTTP Request-0,302,Found,LoadtestingSample 1-2,text,true,,2632,112,54,54,https://pathao.com/,1799,0,1599
1673612787745,20810,HTTP Request-1,200,OK,LoadtestingSample 1-2,text,true,,113311,115,54,54,https://pathao.com/bn/,20481,0,0
1673612785951,22604,HTTP Request,200,OK,LoadtestingSample 1-10,text,true,,115945,227,54,54,https://pathao.com/bn/,1793,0,1607
1673612785951,1793,HTTP Request-0,302,Found,LoadtestingSample 1-10,text,true,,2632,112,54,54,https://pathao.com/,1793,0,1607
1673612787745,20810,HTTP Request-1,200,OK,LoadtestingSample 1-10,text,true,,113313,115,54,54,https://pathao.com/bn/,20492,0,0
1673612786444,22244,HTTP Request,200,OK,LoadtestingSample 1-80,text,true,,115947,227,52,52,https://pathao.com/bn/,1294,0,1133
1673612786444,1295,HTTP Request-0,302,Found,LoadtestingSample 1-80,text,true,,2634,112,52,52,https://pathao.com/,1294,0,1133
1673612787739,20949,HTTP Request-1,200,OK,LoadtestingSample 1-80,text,true,,113313,115,52,52,https://pathao.com/bn/,20673,0,0
1673612786220,22719,HTTP Request,200,OK,LoadtestingSample 1-57,text,true,,115962,227,51,51,https://pathao.com/bn/,1521,0,1323
1673612786220,1521,HTTP Request-0,302,Found,LoadtestingSample 1-57,text,true,,2640,112,51,51,https://pathao.com/,1521,0,1323
1673612787741,21198,HTTP Request-1,200,OK,LoadtestingSample 1-57,text,true,,113322,115,51,51,https://pathao.com/bn/,20815,0,0
1673612786382,22611,HTTP Request,200,OK,LoadtestingSample 1-74,text,true,,115951,227,50,50,https://pathao.com/bn/,1354,0,1137
1673612786382,1354,HTTP Request-0,302,Found,LoadtestingSample 1-74,text,true,,2638,112,50,50,https://pathao.com/,1354,0,1137
1673612787736,21257,HTTP Request-1,200,OK,LoadtestingSample 1-74,text,true,,113313,115,50,50,https://pathao.com/bn/,20931,0,0
1673612786205,22817,HTTP Request,200,OK,LoadtestingSample 1-56,text,true,,115951,227,49,49,https://pathao.com/bn/,1582,0,1376
1673612786205,1582,HTTP Request-0,302,Found,LoadtestingSample 1-56,text,true,,2630,112,49,49,https://pathao.com/,1582,0,1376
1673612787788,21234,HTTP Request-1,200,OK,LoadtestingSample 1-56,text,true,,113321,115,49,49,https://pathao.com/bn/,20867,0,0
1673612786153,23018,HTTP Request,200,OK,LoadtestingSample 1-51,text,true,,115956,227,48,48,https://pathao.com/bn/,1637,0,1431
1673612786153,1637,HTTP Request-0,302,Found,LoadtestingSample 1-51,text,true,,2634,112,48,48,https://pathao.com/,1637,0,1431
1673612787791,21380,HTTP Request-1,200,OK,LoadtestingSample 1-51,text,true,,113322,115,48,48,https://pathao.com/bn/,21027,0,0
1673612786054,23561,HTTP Request,200,OK,LoadtestingSample 1-41,text,true,,115963,227,47,47,https://pathao.com/bn/,1701,0,1502
1673612785946,23669,HTTP Request,200,OK,LoadtestingSample 1-29,text,true,,115956,227,47,47,https://pathao.com/bn/,1785,0,1609
1673612786054,1701,HTTP Request-0,302,Found,LoadtestingSample 1-41,text,true,,2638,112,47,47,https://pathao.com/,1701,0,1502
1673612787756,21859,HTTP Request-1,200,OK,LoadtestingSample 1-41,text,true,,113325,115,47,47,https://pathao.com/bn/,21350,0,0
1673612785946,1786,HTTP Request-0,302,Found,LoadtestingSample 1-29,text,true,,2636,112,47,47,https://pathao.com/,1785,0,1609
1673612787732,21883,HTTP Request-1,200,OK,LoadtestingSample 1-29,text,true,,113320,115,47,47,https://pathao.com/bn/,21098,0,0
1673612785945,23712,HTTP Request,200,OK,LoadtestingSample 1-24,text,true,,115943,227,45,45,https://pathao.com/bn/,1857,0,1677
1673612785945,1858,HTTP Request-0,302,Found,LoadtestingSample 1-24,text,true,,2632,112,45,45,https://pathao.com/,1857,0,1677
1673612787803,21854,HTTP Request-1,200,OK,LoadtestingSample 1-24,text,true,,113311,115,45,45,https://pathao.com/bn/,21405,0,0
1673612786312,23377,HTTP Request,200,OK,LoadtestingSample 1-67,text,true,,115947,227,44,44,https://pathao.com/bn/,1432,0,1247
1673612786312,1432,HTTP Request-0,302,Found,LoadtestingSample 1-67,text,true,,2632,112,44,44,https://pathao.com/,1432,0,1247
1673612787745,21944,HTTP Request-1,200,OK,LoadtestingSample 1-67,text,true,,113315,115,44,44,https://pathao.com/bn/,21518,0,0
1673612785952,23902,HTTP Request,200,OK,LoadtestingSample 1-19,text,true,,115953,227,43,43,https://pathao.com/bn/,1841,0,1647
1673612785952,1841,HTTP Request-0,302,Found,LoadtestingSample 1-19,text,true,,2640,112,43,43,https://pathao.com/,1841,0,1647
1673612787793,22061,HTTP Request-1,200,OK,LoadtestingSample 1-19,text,true,,113313,115,43,43,https://pathao.com/bn/,21511,0,0
1673612786146,23709,HTTP Request,200,OK,LoadtestingSample 1-50,text,true,,115953,227,43,43,https://pathao.com/bn/,1604,0,1416
1673612785946,23909,HTTP Request,200,OK,LoadtestingSample 1-23,text,true,,115958,227,43,43,https://pathao.com/bn/,1795,0,1605
1673612786146,1605,HTTP Request-0,302,Found,LoadtestingSample 1-50,text,true,,2630,112,43,43,https://pathao.com/,1604,0,1416
1673612785946,1795,HTTP Request-0,302,Found,LoadtestingSample 1-23,text,true,,2634,112,43,43,https://pathao.com/,1795,0,1605
1673612787751,22104,HTTP Request-1,200,OK,LoadtestingSample 1-50,text,true,,113323,115,43,43,https://pathao.com/bn/,21546,0,0
1673612787742,22113,HTTP Request-1,200,OK,LoadtestingSample 1-23,text,true,,113324,115,43,43,https://pathao.com/bn/,21465,0,0
1673612786255,23608,HTTP Request,200,OK,LoadtestingSample 1-61,text,true,,115950,227,40,40,https://pathao.com/bn/,1484,0,1307
1673612786255,1484,HTTP Request-0,302,Found,LoadtestingSample 1-61,text,true,,2634,112,40,40,https://pathao.com/,1484,0,1307
1673612787739,22124,HTTP Request-1,200,OK,LoadtestingSample 1-61,text,true,,113316,115,40,40,https://pathao.com/bn/,20951,0,0
1673612785945,23921,HTTP Request,200,OK,LoadtestingSample 1-7,text,true,,115943,227,40,39,https://pathao.com/bn/,1810,0,1617
1673612785945,1810,HTTP Request-0,302,Found,LoadtestingSample 1-7,text,true,,2632,112,40,39,https://pathao.com/,1810,0,1617
1673612787757,22109,HTTP Request-1,200,OK,LoadtestingSample 1-7,text,true,,113311,115,40,39,https://pathao.com/bn/,21873,0,0
1673612785942,23983,HTTP Request,200,OK,LoadtestingSample 1-12,text,true,,115960,227,38,38,https://pathao.com/bn/,1810,0,1632
1673612785942,1811,HTTP Request-0,302,Found,LoadtestingSample 1-12,text,true,,2636,112,38,38,https://pathao.com/,1810,0,1632
1673612787754,22171,HTTP Request-1,200,OK,LoadtestingSample 1-12,text,true,,113324,115,38,38,https://pathao.com/bn/,21938,0,0
1673612786263,23924,HTTP Request,200,OK,LoadtestingSample 1-62,text,true,,115945,227,37,37,https://pathao.com/bn/,1527,0,1323
1673612786263,1528,HTTP Request-0,302,Found,LoadtestingSample 1-62,text,true,,2630,112,37,37,https://pathao.com/,1527,0,1323
1673612787791,22396,HTTP Request-1,200,OK,LoadtestingSample 1-62,text,true,,113315,115,37,37,https://pathao.com/bn/,22291,0,0
1673612786625,23741,HTTP Request,200,OK,LoadtestingSample 1-98,text,true,,115960,227,36,36,https://pathao.com/bn/,1113,0,945
1673612786625,1114,HTTP Request-0,302,Found,LoadtestingSample 1-98,text,true,,2638,112,36,36,https://pathao.com/,1113,0,945
1673612787739,22627,HTTP Request-1,200,OK,LoadtestingSample 1-98,text,true,,113322,115,36,36,https://pathao.com/bn/,20960,0,0
1673612786342,24309,HTTP Request,200,OK,LoadtestingSample 1-70,text,true,,115952,227,35,35,https://pathao.com/bn/,1425,0,1217
1673612786342,1425,HTTP Request-0,302,Found,LoadtestingSample 1-70,text,true,,2632,112,35,35,https://pathao.com/,1425,0,1217
1673612787767,22884,HTTP Request-1,200,OK,LoadtestingSample 1-70,text,true,,113320,115,35,35,https://pathao.com/bn/,22532,0,0
1673612785945,24720,HTTP Request,200,OK,LoadtestingSample 1-13,text,true,,115941,227,34,34,https://pathao.com/bn/,1832,0,1653
1673612785945,1832,HTTP Request-0,302,Found,LoadtestingSample 1-13,text,true,,2630,112,34,34,https://pathao.com/,1832,0,1653
1673612787777,22888,HTTP Request-1,200,OK,LoadtestingSample 1-13,text,true,,113311,115,34,34,https://pathao.com/bn/,22576,0,0
1673612786164,24513,HTTP Request,200,OK,LoadtestingSample 1-52,text,true,,115949,227,33,33,https://pathao.com/bn/,1599,0,1398
1673612786164,1600,HTTP Request-0,302,Found,LoadtestingSample 1-52,text,true,,2630,112,33,33,https://pathao.com/,1599,0,1398
1673612787764,22913,HTTP Request-1,200,OK,LoadtestingSample 1-52,text,true,,113319,115,33,33,https://pathao.com/bn/,22542,0,0
1673612786191,24508,HTTP Request,200,OK,LoadtestingSample 1-54,text,true,,115941,227,32,32,https://pathao.com/bn/,1593,0,1405
1673612786191,1593,HTTP Request-0,302,Found,LoadtestingSample 1-54,text,true,,2630,112,32,32,https://pathao.com/,1593,0,1405
1673612787785,22914,HTTP Request-1,200,OK,LoadtestingSample 1-54,text,true,,113311,115,32,32,https://pathao.com/bn/,22540,0,0
1673612786483,24217,HTTP Request,200,OK,LoadtestingSample 1-84,text,true,,115950,227,32,32,https://pathao.com/bn/,1288,0,1087
1673612786483,1289,HTTP Request-0,302,Found,LoadtestingSample 1-84,text,true,,2634,112,32,32,https://pathao.com/,1288,0,1087
1673612787772,22928,HTTP Request-1,200,OK,LoadtestingSample 1-84,text,true,,113316,115,32,32,https://pathao.com/bn/,22529,0,0
1673612785947,24756,HTTP Request,200,OK,LoadtestingSample 1-3,text,true,,115949,227,30,30,https://pathao.com/bn/,1837,0,1657
1673612785947,1837,HTTP Request-0,302,Found,LoadtestingSample 1-3,text,true,,2634,112,30,30,https://pathao.com/,1837,0,1657
1673612787785,22918,HTTP Request-1,200,OK,LoadtestingSample 1-3,text,true,,113315,115,30,30,https://pathao.com/bn/,22582,0,0
1673612786543,24298,HTTP Request,200,OK,LoadtestingSample 1-90,text,true,,115941,227,29,29,https://pathao.com/bn/,1221,0,1031
1673612786543,1221,HTTP Request-0,302,Found,LoadtestingSample 1-90,text,true,,2626,112,29,29,https://pathao.com/,1221,0,1031
1673612787764,23077,HTTP Request-1,200,OK,LoadtestingSample 1-90,text,true,,113315,115,29,29,https://pathao.com/bn/,22622,0,0
1673612786003,25079,HTTP Request,200,OK,LoadtestingSample 1-36,text,true,,115960,227,28,28,https://pathao.com/bn/,1758,0,1578
1673612786003,1758,HTTP Request-0,302,Found,LoadtestingSample 1-36,text,true,,2634,112,28,28,https://pathao.com/,1758,0,1578
1673612787761,23321,HTTP Request-1,200,OK,LoadtestingSample 1-36,text,true,,113326,115,28,28,https://pathao.com/bn/,22555,0,0
1673612785943,25359,HTTP Request,200,OK,LoadtestingSample 1-30,text,true,,115955,227,27,27,https://pathao.com/bn/,1844,0,1658
1673612785943,1844,HTTP Request-0,302,Found,LoadtestingSample 1-30,text,true,,2634,112,27,27,https://pathao.com/,1844,0,1658
1673612787788,23514,HTTP Request-1,200,OK,LoadtestingSample 1-30,text,true,,113321,115,27,27,https://pathao.com/bn/,22953,0,0
1673612785948,25580,HTTP Request,200,OK,LoadtestingSample 1-27,text,true,,115943,227,26,26,https://pathao.com/bn/,1846,0,1665
1673612785948,1846,HTTP Request-0,302,Found,LoadtestingSample 1-27,text,true,,2630,112,26,26,https://pathao.com/,1846,0,1665
1673612787794,23734,HTTP Request-1,200,OK,LoadtestingSample 1-27,text,true,,113313,115,26,26,https://pathao.com/bn/,23031,0,0
1673612785954,25575,HTTP Request,200,OK,LoadtestingSample 1-31,text,true,,115947,227,26,26,https://pathao.com/bn/,1846,0,1662
1673612785954,1846,HTTP Request-0,302,Found,LoadtestingSample 1-31,text,true,,2634,112,26,26,https://pathao.com/,1846,0,1662
1673612787800,23729,HTTP Request-1,200,OK,LoadtestingSample 1-31,text,true,,113313,115,26,26,https://pathao.com/bn/,23028,0,0
1673612786362,25182,HTTP Request,200,OK,LoadtestingSample 1-72,text,true,,115946,227,24,24,https://pathao.com/bn/,1408,0,1236
1673612786362,1408,HTTP Request-0,302,Found,LoadtestingSample 1-72,text,true,,2630,112,24,24,https://pathao.com/,1408,0,1236
1673612787770,23774,HTTP Request-1,200,OK,LoadtestingSample 1-72,text,true,,113316,115,24,24,https://pathao.com/bn/,23068,0,0
1673612786023,25528,HTTP Request,200,OK,LoadtestingSample 1-38,text,true,,115949,227,23,23,https://pathao.com/bn/,1766,0,1600
1673612786023,1766,HTTP Request-0,302,Found,LoadtestingSample 1-38,text,true,,2630,112,23,23,https://pathao.com/,1766,0,1600
1673612787790,23761,HTTP Request-1,200,OK,LoadtestingSample 1-38,text,true,,113319,115,23,23,https://pathao.com/bn/,23061,0,0
1673612786305,25326,HTTP Request,200,OK,LoadtestingSample 1-66,text,true,,115949,227,22,22,https://pathao.com/bn/,1481,0,1279
1673612786305,1482,HTTP Request-0,302,Found,LoadtestingSample 1-66,text,true,,2636,112,22,22,https://pathao.com/,1481,0,1279
1673612787787,23844,HTTP Request-1,200,OK,LoadtestingSample 1-66,text,true,,113313,115,22,22,https://pathao.com/bn/,23084,0,0
1673612786074,25810,HTTP Request,200,OK,LoadtestingSample 1-43,text,true,,115949,227,21,21,https://pathao.com/bn/,1722,0,1545
1673612786074,1722,HTTP Request-0,302,Found,LoadtestingSample 1-43,text,true,,2632,112,21,21,https://pathao.com/,1722,0,1545
1673612787796,24088,HTTP Request-1,200,OK,LoadtestingSample 1-43,text,true,,113317,115,21,21,https://pathao.com/bn/,23140,0,0
1673612786524,25369,HTTP Request,200,OK,LoadtestingSample 1-88,text,true,,115949,227,20,20,https://pathao.com/bn/,1271,0,1087
1673612786524,1271,HTTP Request-0,302,Found,LoadtestingSample 1-88,text,true,,2632,112,20,20,https://pathao.com/,1271,0,1087
1673612787796,24097,HTTP Request-1,200,OK,LoadtestingSample 1-88,text,true,,113317,115,20,20,https://pathao.com/bn/,23286,0,0
1673612786234,25661,HTTP Request,200,OK,LoadtestingSample 1-59,text,true,,115951,227,20,20,https://pathao.com/bn/,1560,0,1363
1673612786173,25722,HTTP Request,200,OK,LoadtestingSample 1-53,text,true,,115951,227,20,20,https://pathao.com/bn/,1619,0,1439
1673612786234,1560,HTTP Request-0,302,Found,LoadtestingSample 1-59,text,true,,2638,112,20,20,https://pathao.com/,1560,0,1363
1673612786173,1620,HTTP Request-0,302,Found,LoadtestingSample 1-53,text,true,,2636,112,20,20,https://pathao.com/,1619,0,1439
1673612787794,24101,HTTP Request-1,200,OK,LoadtestingSample 1-59,text,true,,113313,115,20,20,https://pathao.com/bn/,23292,0,0
1673612787793,24102,HTTP Request-1,200,OK,LoadtestingSample 1-53,text,true,,113315,115,20,20,https://pathao.com/bn/,23278,0,0
1673612785950,26394,HTTP Request,200,OK,LoadtestingSample 1-28,text,true,,115953,227,17,17,https://pathao.com/bn/,1852,0,1669
1673612785950,1853,HTTP Request-0,302,Found,LoadtestingSample 1-28,text,true,,2642,112,17,17,https://pathao.com/,1852,0,1669
1673612787803,24541,HTTP Request-1,200,OK,LoadtestingSample 1-28,text,true,,113311,115,17,17,https://pathao.com/bn/,23518,0,0
1673612786403,25943,HTTP Request,200,OK,LoadtestingSample 1-76,text,true,,115955,227,17,17,https://pathao.com/bn/,1393,0,1192
1673612786403,1393,HTTP Request-0,302,Found,LoadtestingSample 1-76,text,true,,2640,112,17,17,https://pathao.com/,1393,0,1192
1673612787796,24550,HTTP Request-1,200,OK,LoadtestingSample 1-76,text,true,,113315,115,17,17,https://pathao.com/bn/,23088,0,0
1673612786113,26234,HTTP Request,200,OK,LoadtestingSample 1-47,text,true,,115962,227,16,16,https://pathao.com/bn/,1685,0,1508
1673612786113,1685,HTTP Request-0,302,Found,LoadtestingSample 1-47,text,true,,2640,112,16,16,https://pathao.com/,1685,0,1508
1673612787798,24549,HTTP Request-1,200,OK,LoadtestingSample 1-47,text,true,,113322,115,16,16,https://pathao.com/bn/,23299,0,0
1673612786032,26328,HTTP Request,200,OK,LoadtestingSample 1-39,text,true,,115948,227,14,14,https://pathao.com/bn/,1770,0,1590
1673612786032,1770,HTTP Request-0,302,Found,LoadtestingSample 1-39,text,true,,2632,112,14,14,https://pathao.com/,1770,0,1590
1673612787802,24558,HTTP Request-1,200,OK,LoadtestingSample 1-39,text,true,,113316,115,14,14,https://pathao.com/bn/,23553,0,0
1673612786223,26341,HTTP Request,200,OK,LoadtestingSample 1-58,text,true,,115947,227,13,13,https://pathao.com/bn/,1596,0,1401
1673612786223,1597,HTTP Request-0,302,Found,LoadtestingSample 1-58,text,true,,2634,112,13,13,https://pathao.com/,1596,0,1401
1673612787820,24744,HTTP Request-1,200,OK,LoadtestingSample 1-58,text,true,,113313,115,13,13,https://pathao.com/bn/,23876,0,0
1673612786061,26505,HTTP Request,200,OK,LoadtestingSample 1-42,text,true,,115957,227,12,12,https://pathao.com/bn/,1916,0,1501
1673612785984,26582,HTTP Request,200,OK,LoadtestingSample 1-34,text,true,,115955,227,12,12,https://pathao.com/bn/,1833,0,1633
1673612786061,1916,HTTP Request-0,302,Found,LoadtestingSample 1-42,text,true,,2640,112,12,12,https://pathao.com/,1916,0,1501
1673612785984,1834,HTTP Request-0,302,Found,LoadtestingSample 1-34,text,true,,2638,112,12,12,https://pathao.com/,1833,0,1633
1673612787977,24589,HTTP Request-1,200,OK,LoadtestingSample 1-42,text,true,,113317,115,12,12,https://pathao.com/bn/,23994,0,0
1673612787819,24747,HTTP Request-1,200,OK,LoadtestingSample 1-34,text,true,,113317,115,12,12,https://pathao.com/bn/,24079,0,0
1673612786285,26284,HTTP Request,200,OK,LoadtestingSample 1-64,text,true,,115943,227,10,10,https://pathao.com/bn/,1520,0,1328
1673612786285,1521,HTTP Request-0,302,Found,LoadtestingSample 1-64,text,true,,2630,112,10,10,https://pathao.com/,1520,0,1328
1673612787806,24763,HTTP Request-1,200,OK,LoadtestingSample 1-64,text,true,,113313,115,10,10,https://pathao.com/bn/,23508,0,0
1673612786612,26080,HTTP Request,200,OK,LoadtestingSample 1-97,text,true,,115956,227,9,9,https://pathao.com/bn/,1215,0,1005
1673612786612,1215,HTTP Request-0,302,Found,LoadtestingSample 1-97,text,true,,2632,112,9,9,https://pathao.com/,1215,0,1005
1673612787827,24865,HTTP Request-1,200,OK,LoadtestingSample 1-97,text,true,,113324,115,9,9,https://pathao.com/bn/,23286,0,0
1673612785975,26720,HTTP Request,200,OK,LoadtestingSample 1-33,text,true,,115941,227,8,8,https://pathao.com/bn/,1817,0,1623
1673612786574,26121,HTTP Request,200,OK,LoadtestingSample 1-93,text,true,,115949,227,8,8,https://pathao.com/bn/,1225,0,1009
1673612785975,1817,HTTP Request-0,302,Found,LoadtestingSample 1-33,text,true,,2630,112,8,8,https://pathao.com/,1817,0,1623
1673612787792,24903,HTTP Request-1,200,OK,LoadtestingSample 1-33,text,true,,113311,115,8,8,https://pathao.com/bn/,23269,0,0
1673612786574,1226,HTTP Request-0,302,Found,LoadtestingSample 1-93,text,true,,2632,112,8,8,https://pathao.com/,1225,0,1009
1673612787800,24895,HTTP Request-1,200,OK,LoadtestingSample 1-93,text,true,,113317,115,8,8,https://pathao.com/bn/,23526,0,0
1673612785942,26763,HTTP Request,200,OK,LoadtestingSample 1-6,text,true,,115951,227,6,6,https://pathao.com/bn/,1925,0,1600
1673612786324,26381,HTTP Request,200,OK,LoadtestingSample 1-68,text,true,,115953,227,6,6,https://pathao.com/bn/,1504,0,1298
1673612785942,1925,HTTP Request-0,302,Found,LoadtestingSample 1-6,text,true,,2634,112,6,6,https://pathao.com/,1925,0,1600
1673612786324,1504,HTTP Request-0,302,Found,LoadtestingSample 1-68,text,true,,2636,112,6,6,https://pathao.com/,1504,0,1298
1673612785947,26758,HTTP Request,200,OK,LoadtestingSample 1-9,text,true,,115953,227,6,6,https://pathao.com/bn/,2451,0,1603
1673612787868,24837,HTTP Request-1,200,OK,LoadtestingSample 1-6,text,true,,113317,115,6,6,https://pathao.com/bn/,23776,0,0
1673612786333,26372,HTTP Request,200,OK,LoadtestingSample 1-69,text,true,,115950,227,6,6,https://pathao.com/bn/,1623,0,1291
1673612785947,2451,HTTP Request-0,302,Found,LoadtestingSample 1-9,text,true,,2638,112,6,6,https://pathao.com/,2451,0,1603
1673612787828,24877,HTTP Request-1,200,OK,LoadtestingSample 1-68,text,true,,113317,115,6,6,https://pathao.com/bn/,23810,0,0
1673612786333,1623,HTTP Request-0,302,Found,LoadtestingSample 1-69,text,true,,2628,112,6,6,https://pathao.com/,1623,0,1291
1673612787957,24748,HTTP Request-1,200,OK,LoadtestingSample 1-69,text,true,,113322,115,6,6,https://pathao.com/bn/,23949,0,0
1673612788400,24305,HTTP Request-1,200,OK,LoadtestingSample 1-9,text,true,,113315,115,6,6,https://pathao.com/bn/,23478,0,0
1673612786412,26369,HTTP Request,200,OK,LoadtestingSample 1-77,text,true,,115956,227,2,2,https://pathao.com/bn/,1987,0,1145
1673612786412,1987,HTTP Request-0,302,Found,LoadtestingSample 1-77,text,true,,2636,112,2,2,https://pathao.com/,1987,0,1145
1673612788400,24381,HTTP Request-1,200,OK,LoadtestingSample 1-77,text,true,,113320,115,2,2,https://pathao.com/bn/,23715,0,0
1673612786083,26715,HTTP Request,200,OK,LoadtestingSample 1-44,text,true,,115952,227,1,1,https://pathao.com/bn/,1738,0,1518
1673612786083,1739,HTTP Request-0,302,Found,LoadtestingSample 1-44,text,true,,2632,112,1,1,https://pathao.com/,1738,0,1518
1673612787822,24976,HTTP Request-1,200,OK,LoadtestingSample 1-44,text,true,,113320,115,1,1,https://pathao.com/bn/,24298,0,0
